Old,New
https://blog.photon.health/is-it-time-to-break-up-with-your-prescribing-tool/,https://www.photon.health/blog/is-it-time-to-break-up-with-your-prescribing-tool
https://blog.photon.health/,https://www.photon.health/blog
https://blog.photon.health/why-i-took-the-bet-that-is-photon/,https://www.photon.health/blog/why-i-took-the-bet-that-is-photon
https://blog.photon.health/how-found-scaled-access-to-personalized-weight-loss-treatment-with-photon/,https://www.photon.health/case-studies/found
https://blog.photon.health/photon-blockbuster/,https://www.photon.health/blog/photon-blockbuster
https://blog.photon.health/photon-health-joins-athenahealths-marketplace-program-to-power-seamless-prescription-fulfillment/,https://www.photon.health/case-studies/athena-health
https://blog.photon.health/photon-launches-an-at-home-compounded-glp-1-bioreactor/,https://www.photon.health/blog/photon-launches-an-at-home-compounded-glp-1-bioreactor
https://blog.photon.health/how-measured-saved-30-on-operational-costs-by-simplifying-prescription-workflows-with-photon/,https://www.photon.health/case-studies/measured
https://blog.photon.health/how-normanmd-of-austin-regional-clinic-removed-urgent-care-prescribing-pains-with-photon/,https://www.photon.health/case-studies/normanmd
https://blog.photon.health/we-built-photon-because-we-need-it-too/,https://www.photon.health/blog/we-built-photon-because-we-need-it-too
https://blog.photon.health/how-sesame-launched-new-treatment-programs-without-increasing-support-costs-with-photon/,https://www.photon.health/case-studies/sesame
https://blog.photon.health/chronic-ops-management-how-to-survive-and-thrive-in-healthcare-ops/,https://www.photon.health/blog/chronic-ops-management-how-to-survive-and-thrive-in-healthcare-ops
https://blog.photon.health/what-if-pharmacy-transfers-didnt-require-phone-calls/,https://www.photon.health/blog/what-if-pharmacy-transfers-didnt-require-phone-calls
https://blog.photon.health/blueberry-pediatrics-uses-photon-to-help-patients-get-prescriptions-5x-faster-and-save-time-for-0a69136f337f/,https://www.photon.health/case-studies/blueberry-pediatrics
https://blog.photon.health/amazon-pharmacy-and-photon-collaborate-to-improve-transparency-and-access-for-patients/,https://www.photon.health/case-studies/amazon-pharmacy
https://blog.photon.health/digital-health-is-about-to-be-a-little-less-digital-c923dacd1616/,https://www.photon.health/blog/digital-health-is-about-to-be-a-little-less-digital
https://blog.photon.health/scaling-photon/,https://www.photon.health/blog/scaling-photon
https://blog.photon.health/photon-health-appoints-stu-libby-former-ceo-and-founder-of-zipdrug-as-chief-revenue-officer/,https://www.photon.health/blog/photon-health-appoints-stu-libby-as-chief-revenue-officer
https://blog.photon.health/the-autonomy-of-paper-a423219606b5/,https://www.photon.health/blog/the-autonomy-of-paper
https://blog.photon.health/photon-health-named-to-the-2025-new-york-digital-health-100-dh100/,https://www.photon.health/blog/photon-health-named-to-the-2025-new-york-digital-health-100-dh100
https://blog.photon.health/photon-x-cost-plus-0e67cfa0ac77/,https://www.photon.health/case-studies/cost-plus
https://blog.photon.health/author/michael/,https://www.photon.health/blog
https://blog.photon.health/tag/insights/,https://www.photon.health/blog
https://blog.photon.health/author/sophie/,https://www.photon.health/blog
https://blog.photon.health/tag/news/,https://www.photon.health/blog
https://blog.photon.health/author/otto/,https://www.photon.health/blog
https://blog.photon.health/tag/customers/,https://www.photon.health/case-studies
https://blog.photon.health/author/diya/,https://www.photon.health/blog
https://blog.photon.health/author/melinda/,https://www.photon.health/blog